{
  "luis_schema_version": "7.0.0",
  "intents": [
    {
      "name": "benvenuto",
      "features": []
    },
    {
      "name": "comePrendere",
      "features": []
    },
    {
      "name": "conservazione",
      "features": []
    },
    {
      "name": "effettiIndesiderati",
      "features": []
    },
    {
      "name": "eliminaAccount",
      "features": []
    },
    {
      "name": "eliminaFarmaco",
      "features": []
    },
    {
      "name": "eliminaPromemoria",
      "features": []
    },
    {
      "name": "farmacieVicine",
      "features": []
    },
    {
      "name": "foglioIllustrativo",
      "features": []
    },
    {
      "name": "help",
      "features": []
    },
    {
      "name": "inserisciMedicine",
      "features": []
    },
    {
      "name": "login",
      "features": []
    },
    {
      "name": "modificaMedicine",
      "features": []
    },
    {
      "name": "None",
      "features": []
    },
    {
      "name": "precauzioni",
      "features": []
    },
    {
      "name": "registrazione",
      "features": []
    },
    {
      "name": "reminder",
      "features": []
    },
    {
      "name": "visPromem",
      "features": []
    },
    {
      "name": "visualizzaMedicine",
      "features": []
    },
    {
      "name": "whatIs",
      "features": []
    }
  ],
  "entities": [
    {
      "name": "farmaco",
      "children": [],
      "roles": [],
      "features": []
    },
    {
      "name": "grammi",
      "children": [],
      "roles": [],
      "features": []
    },
    {
      "name": "località",
      "children": [],
      "roles": [],
      "features": []
    },
    {
      "name": "numeroCivico",
      "children": [],
      "roles": [],
      "features": []
    },
    {
      "name": "tipo",
      "children": [],
      "roles": [],
      "features": []
    },
    {
      "name": "via",
      "children": [],
      "roles": [],
      "features": []
    }
  ],
  "hierarchicals": [],
  "composites": [],
  "closedLists": [],
  "prebuiltEntities": [],
  "utterances": [
    {
      "text": "a cosa serve moment",
      "intent": "whatIs",
      "entities": [
        {
          "entity": "farmaco",
          "startPos": 13,
          "endPos": 18,
          "children": []
        }
      ]
    },
    {
      "text": "accedi",
      "intent": "login",
      "entities": []
    },
    {
      "text": "aiutami",
      "intent": "help",
      "entities": []
    },
    {
      "text": "aiuto",
      "intent": "help",
      "entities": []
    },
    {
      "text": "avvertenze per l'assunzione di enterogermina",
      "intent": "precauzioni",
      "entities": [
        {
          "entity": "farmaco",
          "startPos": 31,
          "endPos": 43,
          "children": []
        }
      ]
    },
    {
      "text": "avvertenze tachipirina",
      "intent": "precauzioni",
      "entities": [
        {
          "entity": "farmaco",
          "startPos": 11,
          "endPos": 21,
          "children": []
        }
      ]
    },
    {
      "text": "bugiardino oki granulato 100mg",
      "intent": "foglioIllustrativo",
      "entities": [
        {
          "entity": "farmaco",
          "startPos": 11,
          "endPos": 13,
          "children": []
        },
        {
          "entity": "tipo",
          "startPos": 15,
          "endPos": 23,
          "children": []
        },
        {
          "entity": "grammi",
          "startPos": 25,
          "endPos": 29,
          "children": []
        }
      ]
    },
    {
      "text": "cancella account",
      "intent": "eliminaAccount",
      "entities": []
    },
    {
      "text": "cancella avviso medicina",
      "intent": "eliminaPromemoria",
      "entities": []
    },
    {
      "text": "cancella farmaco",
      "intent": "eliminaFarmaco",
      "entities": []
    },
    {
      "text": "cancella farmaco assunto",
      "intent": "eliminaFarmaco",
      "entities": []
    },
    {
      "text": "cancella notifica",
      "intent": "eliminaPromemoria",
      "entities": []
    },
    {
      "text": "cancella promemoria",
      "intent": "eliminaPromemoria",
      "entities": []
    },
    {
      "text": "cercami una farmacia",
      "intent": "farmacieVicine",
      "entities": []
    },
    {
      "text": "che fai",
      "intent": "benvenuto",
      "entities": []
    },
    {
      "text": "chi sei",
      "intent": "benvenuto",
      "entities": []
    },
    {
      "text": "chi ti ha creato",
      "intent": "benvenuto",
      "entities": []
    },
    {
      "text": "ciao",
      "intent": "benvenuto",
      "entities": []
    },
    {
      "text": "come conservare oki",
      "intent": "conservazione",
      "entities": []
    },
    {
      "text": "come dosare brufen",
      "intent": "comePrendere",
      "entities": [
        {
          "entity": "farmaco",
          "startPos": 12,
          "endPos": 17,
          "children": []
        }
      ]
    },
    {
      "text": "come posso mantenere tachipirina",
      "intent": "conservazione",
      "entities": [
        {
          "entity": "farmaco",
          "startPos": 21,
          "endPos": 31,
          "children": []
        }
      ]
    },
    {
      "text": "come prendere augumentin",
      "intent": "comePrendere",
      "entities": [
        {
          "entity": "farmaco",
          "startPos": 14,
          "endPos": 23,
          "children": []
        }
      ]
    },
    {
      "text": "come ti chiami",
      "intent": "benvenuto",
      "entities": []
    },
    {
      "text": "conservazione antra",
      "intent": "conservazione",
      "entities": [
        {
          "entity": "farmaco",
          "startPos": 14,
          "endPos": 18,
          "children": []
        }
      ]
    },
    {
      "text": "consigli assunzione tachipirina",
      "intent": "comePrendere",
      "entities": [
        {
          "entity": "farmaco",
          "startPos": 20,
          "endPos": 30,
          "children": []
        }
      ]
    },
    {
      "text": "controindicazioni assunzione oki",
      "intent": "effettiIndesiderati",
      "entities": [
        {
          "entity": "farmaco",
          "startPos": 29,
          "endPos": 31,
          "children": []
        }
      ]
    },
    {
      "text": "controindicazioni moment",
      "intent": "effettiIndesiderati",
      "entities": [
        {
          "entity": "farmaco",
          "startPos": 18,
          "endPos": 23,
          "children": []
        }
      ]
    },
    {
      "text": "controindicazioni oki",
      "intent": "effettiIndesiderati",
      "entities": [
        {
          "entity": "farmaco",
          "startPos": 18,
          "endPos": 20,
          "children": []
        }
      ]
    },
    {
      "text": "controindicazioni oki bustina da 80gr.",
      "intent": "effettiIndesiderati",
      "entities": [
        {
          "entity": "farmaco",
          "startPos": 18,
          "endPos": 20,
          "children": []
        },
        {
          "entity": "tipo",
          "startPos": 22,
          "endPos": 28,
          "children": []
        },
        {
          "entity": "grammi",
          "startPos": 33,
          "endPos": 36,
          "children": []
        }
      ]
    },
    {
      "text": "controindicazioni oki granulato da 100gr.",
      "intent": "effettiIndesiderati",
      "entities": [
        {
          "entity": "farmaco",
          "startPos": 18,
          "endPos": 20,
          "children": []
        },
        {
          "entity": "tipo",
          "startPos": 22,
          "endPos": 30,
          "children": []
        },
        {
          "entity": "grammi",
          "startPos": 35,
          "endPos": 39,
          "children": []
        }
      ]
    },
    {
      "text": "controindicazioni pillole augumentin 100gr.",
      "intent": "effettiIndesiderati",
      "entities": [
        {
          "entity": "tipo",
          "startPos": 18,
          "endPos": 24,
          "children": []
        },
        {
          "entity": "farmaco",
          "startPos": 26,
          "endPos": 35,
          "children": []
        }
      ]
    },
    {
      "text": "controindicazioni tachipirina",
      "intent": "effettiIndesiderati",
      "entities": [
        {
          "entity": "farmaco",
          "startPos": 18,
          "endPos": 28,
          "children": []
        }
      ]
    },
    {
      "text": "cos'è brufen",
      "intent": "whatIs",
      "entities": [
        {
          "entity": "farmaco",
          "startPos": 6,
          "endPos": 11,
          "children": []
        }
      ]
    },
    {
      "text": "cosa posso curare con tachipirina",
      "intent": "whatIs",
      "entities": [
        {
          "entity": "farmaco",
          "startPos": 22,
          "endPos": 32,
          "children": []
        }
      ]
    },
    {
      "text": "cosa posso fare?",
      "intent": "help",
      "entities": []
    },
    {
      "text": "cosa sa fare questo bot",
      "intent": "help",
      "entities": []
    },
    {
      "text": "dammi tutti i remider inseriti",
      "intent": "visPromem",
      "entities": []
    },
    {
      "text": "domani è pasqua",
      "intent": "None",
      "entities": []
    },
    {
      "text": "dosaggio oki",
      "intent": "comePrendere",
      "entities": [
        {
          "entity": "farmaco",
          "startPos": 9,
          "endPos": 11,
          "children": []
        }
      ]
    },
    {
      "text": "dosi raccomandate oki",
      "intent": "comePrendere",
      "entities": [
        {
          "entity": "farmaco",
          "startPos": 18,
          "endPos": 20,
          "children": []
        }
      ]
    },
    {
      "text": "dove trovo una farmacia a san gregorio magno in via 4 novembre 26?",
      "intent": "farmacieVicine",
      "entities": [
        {
          "entity": "località",
          "startPos": 26,
          "endPos": 43,
          "children": []
        },
        {
          "entity": "via",
          "startPos": 48,
          "endPos": 61,
          "children": []
        },
        {
          "entity": "numeroCivico",
          "startPos": 63,
          "endPos": 64,
          "children": []
        }
      ]
    },
    {
      "text": "dove trovo una farmacia qui?",
      "intent": "farmacieVicine",
      "entities": []
    },
    {
      "text": "è possibile conservare augumentin ?",
      "intent": "conservazione",
      "entities": [
        {
          "entity": "farmaco",
          "startPos": 23,
          "endPos": 32,
          "children": []
        }
      ]
    },
    {
      "text": "effetti indesiderati del rinazina",
      "intent": "effettiIndesiderati",
      "entities": [
        {
          "entity": "farmaco",
          "startPos": 25,
          "endPos": 32,
          "children": []
        }
      ]
    },
    {
      "text": "effetti indesiderati tachipirina pillola da 100 grammi",
      "intent": "effettiIndesiderati",
      "entities": [
        {
          "entity": "farmaco",
          "startPos": 21,
          "endPos": 31,
          "children": []
        },
        {
          "entity": "tipo",
          "startPos": 33,
          "endPos": 39,
          "children": []
        },
        {
          "entity": "grammi",
          "startPos": 44,
          "endPos": 53,
          "children": []
        }
      ]
    },
    {
      "text": "effetti indesiderato supposta tachipirina",
      "intent": "effettiIndesiderati",
      "entities": [
        {
          "entity": "tipo",
          "startPos": 21,
          "endPos": 28,
          "children": []
        },
        {
          "entity": "farmaco",
          "startPos": 30,
          "endPos": 40,
          "children": []
        }
      ]
    },
    {
      "text": "elencami i reminder",
      "intent": "visPromem",
      "entities": []
    },
    {
      "text": "elenco farmaci assunti",
      "intent": "visualizzaMedicine",
      "entities": []
    },
    {
      "text": "elenco medicinali registrati",
      "intent": "visualizzaMedicine",
      "entities": []
    },
    {
      "text": "elenco medicine",
      "intent": "visualizzaMedicine",
      "entities": []
    },
    {
      "text": "elenco promemoria",
      "intent": "visPromem",
      "entities": []
    },
    {
      "text": "elimina il mio profilo",
      "intent": "eliminaAccount",
      "entities": []
    },
    {
      "text": "entra",
      "intent": "login",
      "entities": []
    },
    {
      "text": "esegui l'accesso",
      "intent": "login",
      "entities": []
    },
    {
      "text": "farmacie",
      "intent": "farmacieVicine",
      "entities": []
    },
    {
      "text": "farmacie nei dintorni di via roma a salerno 12",
      "intent": "farmacieVicine",
      "entities": [
        {
          "entity": "via",
          "startPos": 25,
          "endPos": 32,
          "children": []
        },
        {
          "entity": "località",
          "startPos": 36,
          "endPos": 42,
          "children": []
        },
        {
          "entity": "numeroCivico",
          "startPos": 44,
          "endPos": 45,
          "children": []
        }
      ]
    },
    {
      "text": "farmacie vicine",
      "intent": "farmacieVicine",
      "entities": []
    },
    {
      "text": "farmacie vicine a salerno via gelso 69",
      "intent": "farmacieVicine",
      "entities": [
        {
          "entity": "località",
          "startPos": 18,
          "endPos": 24,
          "children": []
        },
        {
          "entity": "via",
          "startPos": 26,
          "endPos": 34,
          "children": []
        },
        {
          "entity": "numeroCivico",
          "startPos": 36,
          "endPos": 37,
          "children": []
        }
      ]
    },
    {
      "text": "foglietto moment act",
      "intent": "foglioIllustrativo",
      "entities": [
        {
          "entity": "farmaco",
          "startPos": 10,
          "endPos": 19,
          "children": []
        }
      ]
    },
    {
      "text": "foglio della tachipirina in pillole da 500mg",
      "intent": "foglioIllustrativo",
      "entities": [
        {
          "entity": "farmaco",
          "startPos": 13,
          "endPos": 23,
          "children": []
        },
        {
          "entity": "tipo",
          "startPos": 28,
          "endPos": 34,
          "children": []
        },
        {
          "entity": "grammi",
          "startPos": 39,
          "endPos": 43,
          "children": []
        }
      ]
    },
    {
      "text": "foglio illustrativo enterogermina",
      "intent": "foglioIllustrativo",
      "entities": [
        {
          "entity": "farmaco",
          "startPos": 20,
          "endPos": 32,
          "children": []
        }
      ]
    },
    {
      "text": "guida",
      "intent": "help",
      "entities": []
    },
    {
      "text": "guida all'uso",
      "intent": "help",
      "entities": []
    },
    {
      "text": "ho assunto troppo augumentin",
      "intent": "effettiIndesiderati",
      "entities": [
        {
          "entity": "farmaco",
          "startPos": 18,
          "endPos": 27,
          "children": []
        }
      ]
    },
    {
      "text": "ho esagerato con l'enterogermina",
      "intent": "effettiIndesiderati",
      "entities": [
        {
          "entity": "farmaco",
          "startPos": 19,
          "endPos": 31,
          "children": []
        }
      ]
    },
    {
      "text": "inserisci brufen",
      "intent": "inserisciMedicine",
      "entities": [
        {
          "entity": "farmaco",
          "startPos": 10,
          "endPos": 15,
          "children": []
        }
      ]
    },
    {
      "text": "inserisci farmaco",
      "intent": "inserisciMedicine",
      "entities": []
    },
    {
      "text": "inserisci medicina",
      "intent": "inserisciMedicine",
      "entities": []
    },
    {
      "text": "inserisci reminder",
      "intent": "reminder",
      "entities": []
    },
    {
      "text": "inserisci tachipirina tra i farmaci assunti",
      "intent": "inserisciMedicine",
      "entities": [
        {
          "entity": "farmaco",
          "startPos": 10,
          "endPos": 20,
          "children": []
        }
      ]
    },
    {
      "text": "istruzioni",
      "intent": "help",
      "entities": []
    },
    {
      "text": "istruzioni d'uso",
      "intent": "help",
      "entities": []
    },
    {
      "text": "l'inverno sta arrivando",
      "intent": "None",
      "entities": []
    },
    {
      "text": "la tachipirina è dannosa?",
      "intent": "effettiIndesiderati",
      "entities": [
        {
          "entity": "farmaco",
          "startPos": 3,
          "endPos": 13,
          "children": []
        }
      ]
    },
    {
      "text": "lista farmaci",
      "intent": "visualizzaMedicine",
      "entities": []
    },
    {
      "text": "login",
      "intent": "login",
      "entities": []
    },
    {
      "text": "mal di pancia dopo aver preso oki",
      "intent": "effettiIndesiderati",
      "entities": [
        {
          "entity": "farmaco",
          "startPos": 30,
          "endPos": 32,
          "children": []
        }
      ]
    },
    {
      "text": "mal di pancia dovuto ad oki gola?",
      "intent": "effettiIndesiderati",
      "entities": [
        {
          "entity": "farmaco",
          "startPos": 24,
          "endPos": 31,
          "children": []
        }
      ]
    },
    {
      "text": "mal di testa forte può dipendere da augumenti?",
      "intent": "effettiIndesiderati",
      "entities": [
        {
          "entity": "farmaco",
          "startPos": 36,
          "endPos": 44,
          "children": []
        }
      ]
    },
    {
      "text": "modifica farmaco",
      "intent": "modificaMedicine",
      "entities": []
    },
    {
      "text": "modifica farmaco assunto",
      "intent": "modificaMedicine",
      "entities": []
    },
    {
      "text": "modifica lista farmaci",
      "intent": "modificaMedicine",
      "entities": []
    },
    {
      "text": "mostrami gli effetti indesiderati della tachipirina",
      "intent": "effettiIndesiderati",
      "entities": [
        {
          "entity": "farmaco",
          "startPos": 40,
          "endPos": 50,
          "children": []
        }
      ]
    },
    {
      "text": "mostrami i farmaci che sto assumendo",
      "intent": "visualizzaMedicine",
      "entities": []
    },
    {
      "text": "mostrami le farmacie nelle vicinanze",
      "intent": "farmacieVicine",
      "entities": []
    },
    {
      "text": "mostrami le notifiche che mi invii",
      "intent": "visPromem",
      "entities": []
    },
    {
      "text": "mostrami tutte le info relative al brufen",
      "intent": "foglioIllustrativo",
      "entities": [
        {
          "entity": "farmaco",
          "startPos": 35,
          "endPos": 40,
          "children": []
        }
      ]
    },
    {
      "text": "natale",
      "intent": "None",
      "entities": []
    },
    {
      "text": "nome?",
      "intent": "benvenuto",
      "entities": []
    },
    {
      "text": "non assumo più un farmaco",
      "intent": "eliminaFarmaco",
      "entities": []
    },
    {
      "text": "non inviare avviso",
      "intent": "eliminaPromemoria",
      "entities": []
    },
    {
      "text": "non inviarmi reminder per le medicine",
      "intent": "eliminaPromemoria",
      "entities": []
    },
    {
      "text": "non so cosa fare",
      "intent": "help",
      "entities": []
    },
    {
      "text": "nuovo account",
      "intent": "registrazione",
      "entities": []
    },
    {
      "text": "nuovo farmaco assunto",
      "intent": "inserisciMedicine",
      "entities": []
    },
    {
      "text": "nuovo profilo",
      "intent": "registrazione",
      "entities": []
    },
    {
      "text": "nuovo promemoria",
      "intent": "reminder",
      "entities": []
    },
    {
      "text": "nuovo promemoria farmaco assunto",
      "intent": "reminder",
      "entities": []
    },
    {
      "text": "oki quanto fa male?",
      "intent": "effettiIndesiderati",
      "entities": [
        {
          "entity": "farmaco",
          "startPos": 0,
          "endPos": 2,
          "children": []
        }
      ]
    },
    {
      "text": "posso rimuovere il mio account?",
      "intent": "eliminaAccount",
      "entities": []
    },
    {
      "text": "precauzioni assunzione oki",
      "intent": "precauzioni",
      "entities": []
    },
    {
      "text": "qual è il tuo nome?",
      "intent": "benvenuto",
      "entities": []
    },
    {
      "text": "quali farmaci sto prendendo",
      "intent": "visualizzaMedicine",
      "entities": []
    },
    {
      "text": "quali sono le farmacie più vicine?",
      "intent": "farmacieVicine",
      "entities": []
    },
    {
      "text": "quando non prendere antra",
      "intent": "precauzioni",
      "entities": [
        {
          "entity": "farmaco",
          "startPos": 20,
          "endPos": 24,
          "children": []
        }
      ]
    },
    {
      "text": "quanto fa male abusare di enterogermina",
      "intent": "effettiIndesiderati",
      "entities": [
        {
          "entity": "farmaco",
          "startPos": 26,
          "endPos": 38,
          "children": []
        }
      ]
    },
    {
      "text": "registrami",
      "intent": "registrazione",
      "entities": []
    },
    {
      "text": "registrazione",
      "intent": "registrazione",
      "entities": []
    },
    {
      "text": "ricordami di assumere medicinale",
      "intent": "reminder",
      "entities": []
    },
    {
      "text": "ricordami di prendere il farmaco",
      "intent": "reminder",
      "entities": []
    },
    {
      "text": "rimuovi account",
      "intent": "eliminaAccount",
      "entities": []
    },
    {
      "text": "rimuovi medicina",
      "intent": "eliminaFarmaco",
      "entities": []
    },
    {
      "text": "rimuovi medicinale",
      "intent": "eliminaFarmaco",
      "entities": []
    },
    {
      "text": "rimuovi reminder inserito",
      "intent": "eliminaPromemoria",
      "entities": []
    },
    {
      "text": "sto assumendo enterogermina",
      "intent": "inserisciMedicine",
      "entities": [
        {
          "entity": "farmaco",
          "startPos": 14,
          "endPos": 26,
          "children": []
        }
      ]
    },
    {
      "text": "tachipirina da 1000 quanto fa male?",
      "intent": "effettiIndesiderati",
      "entities": [
        {
          "entity": "farmaco",
          "startPos": 0,
          "endPos": 10,
          "children": []
        },
        {
          "entity": "grammi",
          "startPos": 15,
          "endPos": 18,
          "children": []
        }
      ]
    },
    {
      "text": "utilizzi enterogermina",
      "intent": "whatIs",
      "entities": [
        {
          "entity": "farmaco",
          "startPos": 9,
          "endPos": 21,
          "children": []
        }
      ]
    },
    {
      "text": "visualizza promemoria",
      "intent": "visPromem",
      "entities": []
    },
    {
      "text": "voglio creare un nuovo account",
      "intent": "registrazione",
      "entities": []
    },
    {
      "text": "voglio eliminare tutti i miei dati",
      "intent": "eliminaAccount",
      "entities": []
    },
    {
      "text": "voglio eseguire il login",
      "intent": "login",
      "entities": []
    },
    {
      "text": "voglio modificare la lista dei farmaci assunti",
      "intent": "modificaMedicine",
      "entities": []
    }
  ],
  "versionId": "0.1",
  "name": "pharmaBot",
  "desc": "",
  "culture": "it-it",
  "tokenizerVersion": "1.0.0",
  "patternAnyEntities": [],
  "regex_entities": [],
  "phraselists": [],
  "regex_features": [],
  "patterns": [],
  "settings": []
}