{
    "$schema": "https://schema.management.azure.com/schemas/2019-04-01/deploymentParameters.json#",
    "contentVersion": "1.0.0.0",
    "parameters": {
        "appServiceName": {
            "value": "pharmaBotTuozzo"
        },
        "existingAppServicePlanName": {
            "value": ""
        },
        "existingAppServicePlanLocation": {
            "value": ""
        },
        "newAppServicePlanName": {
            "value": "free"
        },
        "newAppServicePlanLocation": {
            "value": "west europe"
        },
        "newAppServicePlanSku": {
            "value": {
                "name": "S1",
                "tier": "Standard",
                "size": "S1",
                "family": "S",
                "capacity": 1
            }
        },
        "appId": {
            "value": "fd0c970f-aa6b-466d-8084-81489c77b686"
        },
        "appSecret": {
            "value": "RhY8Q~ZgSUr.D5CGjakCT_JqchgXa3zOk0tzWaqM"
        }
    }
}