{
    "$schema": "https://schema.management.azure.com/schemas/2019-04-01/deploymentParameters.json#",
    "contentVersion": "1.0.0.0",
    "parameters": {
        "azureBotId": {
            "value": "EchoBotGabT"
        },
        "azureBotSku": {
            "value": "F0"
        },
        "azureBotRegion": {
            "value": "global"
        },
        "botEndpoint": {
            "value": ""
        },
        "appId": {
            "value": "fd0c970f-aa6b-466d-8084-81489c77b686"
        }
    }
}