{"filename":"d:\\Desktop\\PharmaBot\\__azurite_db_blob_extent__.json","collections":[{"name":"$EXTENTS_COLLECTION$","data":[{"id":"b29a4a81-2368-4758-96b4-54a2dec0fe31","locationId":"Default","path":"b29a4a81-2368-4758-96b4-54a2dec0fe31","size":115,"lastModifiedInMS":1672845535770,"meta":{"revision":2,"created":1672845535770,"version":0,"updated":1672845540287},"$loki":1,"LastModifyInMS":1672845540287},{"id":"4d08638d-ded4-4b16-924b-ac436b6e080c","locationId":"Default","path":"4d08638d-ded4-4b16-924b-ac436b6e080c","size":115,"lastModifiedInMS":1672845535772,"meta":{"revision":1,"created":1672845535773,"version":0,"updated":1672845535870},"$loki":2,"LastModifyInMS":1672845535870}],"idIndex":[1,2],"binaryIndices":{"id":{"name":"id","dirty":false,"values":[1,0]}},"constraints":null,"uniqueNames":[],"transforms":{},"objType":"$EXTENTS_COLLECTION$","dirty":false,"cachedIndex":null,"cachedBinaryIndex":null,"cachedData":null,"adaptiveBinaryIndices":true,"transactional":false,"cloneObjects":false,"cloneMethod":"parse-stringify","asyncListeners":false,"disableMeta":false,"disableChangesApi":true,"disableDeltaChangesApi":true,"autoupdate":false,"serializableIndices":true,"disableFreeze":true,"ttl":null,"maxId":2,"DynamicViews":[],"events":{"insert":[],"update":[],"pre-insert":[],"pre-update":[],"close":[],"flushbuffer":[],"error":[],"delete":[null],"warning":[null]},"changes":[],"dirtyIds":[]}],"databaseVersion":1.5,"engineVersion":1.5,"autosave":true,"autosaveInterval":5000,"autosaveHandle":null,"throttledSaves":true,"options":{"autosave":true,"autosaveInterval":5000,"serializationMethod":"normal","destructureDelimiter":"$<\n"},"persistenceMethod":"fs","persistenceAdapter":null,"verbose":false,"events":{"init":[null],"loaded":[],"flushChanges":[],"close":[],"changes":[],"warning":[]},"ENV":"NODEJS"}