{"filename":"d:\\Desktop\\PharmaBot\\__azurite_db_blob__.json","collections":[{"name":"$SERVICES_COLLECTION$","data":[],"idIndex":null,"binaryIndices":{},"constraints":null,"uniqueNames":["accountName"],"transforms":{},"objType":"$SERVICES_COLLECTION$","dirty":false,"cachedIndex":null,"cachedBinaryIndex":null,"cachedData":null,"adaptiveBinaryIndices":true,"transactional":false,"cloneObjects":false,"cloneMethod":"parse-stringify","asyncListeners":false,"disableMeta":false,"disableChangesApi":true,"disableDeltaChangesApi":true,"autoupdate":false,"serializableIndices":true,"disableFreeze":true,"ttl":null,"maxId":0,"DynamicViews":[],"events":{"insert":[],"update":[],"pre-insert":[],"pre-update":[],"close":[],"flushbuffer":[],"error":[],"delete":[null],"warning":[null]},"changes":[],"dirtyIds":[]},{"name":"$CONTAINERS_COLLECTION$","data":[{"accountName":"devstoreaccount1","name":"azure-webjobs-hosts","properties":{"etag":"\"0x228841933ACF500\"","lastModified":"2023-01-04T15:18:55.729Z","leaseStatus":"unlocked","leaseState":"available","hasImmutabilityPolicy":false,"hasLegalHold":false},"meta":{"revision":0,"created":1672845535732,"version":0},"$loki":1}],"idIndex":null,"binaryIndices":{"accountName":{"name":"accountName","dirty":false,"values":[0]},"name":{"name":"name","dirty":false,"values":[0]}},"constraints":null,"uniqueNames":[],"transforms":{},"objType":"$CONTAINERS_COLLECTION$","dirty":false,"cachedIndex":null,"cachedBinaryIndex":null,"cachedData":null,"adaptiveBinaryIndices":true,"transactional":false,"cloneObjects":false,"cloneMethod":"parse-stringify","asyncListeners":false,"disableMeta":false,"disableChangesApi":true,"disableDeltaChangesApi":true,"autoupdate":false,"serializableIndices":true,"disableFreeze":true,"ttl":null,"maxId":1,"DynamicViews":[],"events":{"insert":[],"update":[],"pre-insert":[],"pre-update":[],"close":[],"flushbuffer":[],"error":[],"delete":[null],"warning":[null]},"changes":[],"dirtyIds":[]},{"name":"$BLOBS_COLLECTION$","data":[{"deleted":false,"accountName":"devstoreaccount1","containerName":"azure-webjobs-hosts","name":"locks/msigl62m-883334725/Host.Functions.reminderTrigger.Listener","properties":{"creationTime":"2023-01-04T15:18:55.746Z","lastModified":"2023-01-04T15:18:55.746Z","etag":"\"0x208F53AE15793A0\"","contentLength":0,"contentType":"application/octet-stream","contentMD5":{"type":"Buffer","data":[212,29,140,217,143,0,178,4,233,128,9,152,236,248,66,126]},"blobType":"BlockBlob","leaseStatus":"unlocked","leaseState":"available","serverEncrypted":true,"accessTier":"Hot","accessTierInferred":true,"accessTierChangeTime":"2023-01-04T15:18:55.746Z"},"snapshot":"","isCommitted":true,"persistency":{"id":"b29a4a81-2368-4758-96b4-54a2dec0fe31","offset":0,"count":0},"meta":{"revision":1405,"created":1672845535771,"version":0,"updated":1672856246371},"$loki":1},{"deleted":false,"accountName":"devstoreaccount1","containerName":"azure-webjobs-hosts","name":"locks/msigl62m-883334725/Host.Functions.azure_functions.Listener","properties":{"creationTime":"2023-01-04T15:18:55.750Z","lastModified":"2023-01-04T15:18:55.750Z","etag":"\"0x1E31511011456A0\"","contentLength":0,"contentType":"application/octet-stream","contentMD5":{"type":"Buffer","data":[212,29,140,217,143,0,178,4,233,128,9,152,236,248,66,126]},"blobType":"BlockBlob","leaseStatus":"unlocked","leaseState":"available","serverEncrypted":true,"accessTier":"Hot","accessTierInferred":true,"accessTierChangeTime":"2023-01-04T15:18:55.750Z"},"snapshot":"","isCommitted":true,"persistency":{"id":"4d08638d-ded4-4b16-924b-ac436b6e080c","offset":0,"count":0},"meta":{"revision":14,"created":1672845535774,"version":0,"updated":1672845624905},"$loki":2},{"deleted":false,"accountName":"devstoreaccount1","containerName":"azure-webjobs-hosts","name":"timers/msigl62m-883334725/Host.Functions.azure_functions/status","properties":{"creationTime":"2023-01-04T15:18:55.842Z","lastModified":"2023-01-04T15:18:55.842Z","etag":"\"0x2045EACD4E42580\"","contentLength":115,"contentType":"application/octet-stream","contentMD5":{"type":"Buffer","data":[170,231,195,206,200,136,227,160,20,221,47,110,8,145,48,252]},"blobType":"BlockBlob","leaseStatus":"unlocked","leaseState":"available","serverEncrypted":true,"accessTier":"Hot","accessTierInferred":true,"accessTierChangeTime":"2023-01-04T15:18:55.842Z"},"snapshot":"","isCommitted":true,"persistency":{"id":"4d08638d-ded4-4b16-924b-ac436b6e080c","offset":0,"count":115},"meta":{"revision":0,"created":1672845535875,"version":0},"$loki":3},{"deleted":false,"accountName":"devstoreaccount1","containerName":"azure-webjobs-hosts","name":"timers/msigl62m-883334725/Host.Functions.reminderTrigger/status","properties":{"creationTime":"2023-01-04T15:18:55.840Z","lastModified":"2023-01-04T15:18:55.840Z","etag":"\"0x22CC87ECF9749C0\"","contentLength":115,"contentType":"application/octet-stream","contentMD5":{"type":"Buffer","data":[55,197,207,45,207,197,188,114,86,97,227,17,188,155,183,25]},"blobType":"BlockBlob","leaseStatus":"unlocked","leaseState":"available","serverEncrypted":true,"accessTier":"Hot","accessTierInferred":true,"accessTierChangeTime":"2023-01-04T15:18:55.840Z"},"snapshot":"","isCommitted":true,"persistency":{"id":"b29a4a81-2368-4758-96b4-54a2dec0fe31","offset":0,"count":115},"meta":{"revision":0,"created":1672845535885,"version":0},"$loki":4},{"deleted":false,"metadata":{"FunctionInstance":"000000000000000000000000382355A0"},"accountName":"devstoreaccount1","containerName":"azure-webjobs-hosts","name":"locks/msigl62m-883334725/host","properties":{"creationTime":"2023-01-04T15:19:00.258Z","lastModified":"2023-01-04T15:24:38.008Z","etag":"\"0x1EE0797A9343C50\"","contentLength":0,"contentType":"application/octet-stream","contentMD5":{"type":"Buffer","data":[212,29,140,217,143,0,178,4,233,128,9,152,236,248,66,126]},"blobType":"BlockBlob","leaseStatus":"unlocked","leaseState":"available","serverEncrypted":true,"accessTier":"Hot","accessTierInferred":true,"accessTierChangeTime":"2023-01-04T15:19:00.258Z"},"snapshot":"","isCommitted":true,"persistency":{"id":"b29a4a81-2368-4758-96b4-54a2dec0fe31","offset":115,"count":0},"meta":{"revision":887,"created":1672845540287,"version":0,"updated":1672856246404},"$loki":5}],"idIndex":[1,2,3,4,5],"binaryIndices":{"accountName":{"name":"accountName","dirty":false,"values":[4,0,1,3,2]},"containerName":{"name":"containerName","dirty":false,"values":[4,0,1,3,2]},"name":{"name":"name","dirty":false,"values":[1,0,4,2,3]},"snapshot":{"name":"snapshot","dirty":false,"values":[4,0,1,3,2]}},"constraints":null,"uniqueNames":[],"transforms":{},"objType":"$BLOBS_COLLECTION$","dirty":false,"cachedIndex":null,"cachedBinaryIndex":null,"cachedData":null,"adaptiveBinaryIndices":true,"transactional":false,"cloneObjects":false,"cloneMethod":"parse-stringify","asyncListeners":false,"disableMeta":false,"disableChangesApi":true,"disableDeltaChangesApi":true,"autoupdate":false,"serializableIndices":true,"disableFreeze":true,"ttl":null,"maxId":5,"DynamicViews":[],"events":{"insert":[],"update":[],"pre-insert":[],"pre-update":[],"close":[],"flushbuffer":[],"error":[],"delete":[null],"warning":[null]},"changes":[],"dirtyIds":[]},{"name":"$BLOCKS_COLLECTION$","data":[],"idIndex":null,"binaryIndices":{"accountName":{"name":"accountName","dirty":false,"values":[]},"containerName":{"name":"containerName","dirty":false,"values":[]},"blobName":{"name":"blobName","dirty":false,"values":[]},"name":{"name":"name","dirty":false,"values":[]}},"constraints":null,"uniqueNames":[],"transforms":{},"objType":"$BLOCKS_COLLECTION$","dirty":false,"cachedIndex":null,"cachedBinaryIndex":null,"cachedData":null,"adaptiveBinaryIndices":true,"transactional":false,"cloneObjects":false,"cloneMethod":"parse-stringify","asyncListeners":false,"disableMeta":false,"disableChangesApi":true,"disableDeltaChangesApi":true,"autoupdate":false,"serializableIndices":true,"disableFreeze":true,"ttl":null,"maxId":0,"DynamicViews":[],"events":{"insert":[],"update":[],"pre-insert":[],"pre-update":[],"close":[],"flushbuffer":[],"error":[],"delete":[null],"warning":[null]},"changes":[],"dirtyIds":[]}],"databaseVersion":1.5,"engineVersion":1.5,"autosave":true,"autosaveInterval":5000,"autosaveHandle":null,"throttledSaves":true,"options":{"autosave":true,"autosaveInterval":5000,"serializationMethod":"normal","destructureDelimiter":"$<\n"},"persistenceMethod":"fs","persistenceAdapter":null,"verbose":false,"events":{"init":[null],"loaded":[],"flushChanges":[],"close":[],"changes":[],"warning":[]},"ENV":"NODEJS"}